,number_of_features,day,Loss,PICP,MPIW,verification
0,1,1,20.40281278846058,0.5833333333333334,6.250766004834857,0.0
0,1,2,20.37536943058421,0.5833333333333334,6.223322646958487,0.0
0,1,1,20.16398741617339,0.5833333333333331,6.011940632547651,1.0
0,1,2,15.88477242257649,0.6458333332775983,6.146102828364218,1.0
0,1,1,20.483388833633136,0.5833333333333334,6.331342050007412,2.0
0,1,2,20.211265002974088,0.5833333333333334,6.059218219348362,2.0
