,number_of_features,day,Loss,PICP,MPIW,verification
0,1,1,35.407913793553355,0.45833333332579834,9.962007360024886,0.0
0,1,2,5.360852682427039,0.8333333333300538,3.9281041443347933,0.0
0,1,1,30.461346150988852,0.5000143054527656,9.146911909182867,1.0
0,1,2,4.61600898355172,0.8958333332867839,4.307163953781128,1.0
0,1,1,25.87694482164632,0.54162809129342,8.32245894578787,2.0
0,1,2,32.09919604845726,0.4780395291329685,8.652176463085672,2.0
